"","fips","state","PST045214","PST040210","PST120214","POP010210","AGE135214","AGE295214","AGE775214","SEX255214","RHI125214","RHI225214","RHI325214","RHI425214","RHI525214","RHI625214","RHI725214","RHI825214","POP715213","POP645213","POP815213","EDU635213","EDU685213","VET605213","LFE305213","HSG010214","HSG445213","HSG096213","HSG495213","HSD410213","HSD310213","INC910213","INC110213","PVY020213","BZA010213","BZA110213","BZA115213","NES010213","SBO001207","SBO315207","SBO115207","SBO215207","SBO515207","SBO415207","SBO015207","MAN450207","WTN220207","RTN130207","RTN131207","AFN120207","BPS030214","LND110210","POP060210","Klans","TOTCNG","TOTADH","TOTRATE","EVANCNG","EVANADH","EVANRATE","BPRTCNG","BPRTADH","BPRTRATE","MPRTCNG","MPRTADH","MPRTRATE","CATHCNG","CATHADH","CATHRATE","ORTHCNG","ORTHADH","ORTHRATE","OTHCNG","OTHADH","OTHRATE","OCGCNG","AMECNG","AMEADH","AMERATE","AMEZCNG","AMEZADH","AMEZRATE","ALBCNG","ALBADH","ALBRATE","AWMCCNG","AWMCADH","AWMCRATE","ALBPCNG","AMANCNG","AMANADH","AMANRATE","AAMCNG","AAMADH","AAMRATE","AALCCNG","ABACNG","ABAADH","ABARATE","ABCCNG","ABCADH","ABCRATE","ACROCNG","ACROADH","ACRORATE","APCCNG","AMSHCNG","AMSHADH","AMSHRATE","ACNACNG","AOCACNG","AOCAADH","AOCARATE","ACCACNG","ACCAADH","ACCARATE","AFMCNG","AFMADH","AFMRATE","ALCACNG","AACACNG","AACAADH","AACARATE","ARMCNG","ARMADH","ARMRATE","AECCNG","AGCNG","AGADH","AGRATE","AGIFCNG","ARPCCNG","ARPCADH","ARPCRATE","AFLCCNG","AMCCNG","ARBCCNG","BAHCNG","BAHADH","BAHRATE","BAMCCNG","BAMCADH","BAMCRATE","BAMCNG","BAMADH","BAMRATE","BFCCNG","BFCADH","BFCRATE","BPCCNG","BCACNG","BCAADH","BCARATE","BCCCNG","BRUDCNG","BRUDADH","BRUDRATE","BUDMCNG","BUDMADH","BUDMRATE","BUDTCNG","BUDTADH","BUDTRATE","BUDVCNG","BUDVADH","BUDVRATE","BULGCNG","BULGADH","BULGRATE","CCFCCNG","CARCCNG","CTHCNG","CTHADH","CTHRATE","CYMFCNG","CYMFADH","CYMFRATE","CMACNG","CMAADH","CMARATE","CBCNG","CCDCCNG","CCDCADH","CCDCRATE","CCCCCNG","CCCCADH","CCCCRATE","CMECNG","CMEADH","CMERATE","CRCCNG","CRCADH","CRCRATE","CUCNG","CCHCNG","CCSCNG","CGAICNG","CGAIADH","CGAIRATE","CGCTCNG","CGCTADH","CGCTRATE","CG7DCNG","CGFCNG","CGGCCNG","CGGCADH","CGGCRATE","CGCCNG","CGCADH","CGCRATE","CGCMCNG","CGCMADH","CGCMRATE","CGPCNG","CGPADH","CGPRATE","CGAFCNG","CGMACNG","LDSCNG","LDSADH","LDSRATE","CAFCNG","CBRCNG","CBRADH","CBRRATE","CLBACNG","CLBAADH","CLBARATE","CLCCNG","NAZCNG","NAZADH","NAZRATE","CUBCCNG","CUBCADH","CUBCRATE","CHCHCNG","CHCHADH","CHCHRATE","CCCUCNG","CHGNCNG","CHGNADH","CHGNRATE","CRECCNG","COCCNG","COCADH","COCRATE","CCCCNG","CCCADH","CCCRATE","CHCCNG","CHCADH","CHCRATE","CMCCNG","CMCADH","CMCRATE","CBACNG","CCONCNG","CCONADH","CCONRATE","CJUDCNG","CJUDADH","CJUDRATE","CLACNG","CMCOCNG","CMCOADH","CMCORATE","CYFRCNG","CYFRADH","CYFRRATE","OFWBCNG","OFWBADH","OFWBRATE","CWCNG","CWADH","CWRATE","COPTCNG","COPTADH","COPTRATE","CRPCCNG","CUMBCNG","CUMBADH","CUMBRATE","CPCACNG","ELIMCNG","EBACNG","ECCNG","ECADH","ECRATE","EOCNG","EOADH","EORATE","ETHOCNG","EARCNG","EVCHCNG","ECCCNG","ECCADH","ECCRATE","ECOVCNG","ECOVADH","ECOVRATE","EFCACNG","EFCAADH","EFCARATE","EFCICNG","EFCIADH","EFCIRATE","ELCACNG","ELCAADH","ELCARATE","White","Black","Hispanic","Asian","Natives","Mixed","Metro_NonMetro","Farming_2015_Update","Mining_2015_Update","Manufacturing_2015_Update","Government_2015_Update","Recreation_2015_Update","Nonspecialized_2015_Update","Low_Education_2015_Update","Low_Employment_Cnty_2008_2012_25_64","Pop_Loss_2010","Retirement_Dest_2015_Update","Persistent_Poverty_2013","Persistent_Related_Child_Poverty_2013","votes","fraction_votes","voting_pop_percent","voting_population","absolute_votes","White_new","Black_new","Native_new","Asian_new","Islander_new","Mixed_new","Hispanic_new"
"1","1000","Alabama","4849377","4780127","1.4","4779736","6.1","22.8","15.3","51.5","69.7","26.7","0.7","1.3","0.1","1.5","4.1","66.2","85.0","3.5","5.2","83.1","22.6","388865","24.2","2207912","69.7","15.9","122500","1838683","2.55","23680","43253","18.6","97578","1603100","1.1","311578","382350","14.8","0.8","1.8","0.1","1.2","28.1","112858843","52252752","57344851","12364","6426342","13369","50645.33","94.4",1946,"10514","3007553","629.23","7029","2009448","420.41","1337","346519","72.5","1667","388252","81.23","169","200657","41.98","14","3001","0.63","298","59676","12.49","1","294","48639","10.18","189","29300","6.13","","","","","","","4","","","","","","","","32","5451","1.14","4","8157","1.71","","","","","","","","17","2","98","0.02","1","55","0.01","4","172","0.04","","","","","","","","","359","54821","11.47","","9","283","0.06","1","","","8","1441","0.3","2","139","0.03","","","","","","","","","","","","","","","7","921","0.19","2","410","0.09","1","53","0.01","","","","6","","169","200657","41.98","","","","17","1265","0.26","3","56","8370","1.75","26","3280","0.69","183","27620","5.78","","","","2","4","9","65","3355","0.7","387","86003","17.99","1","11","","","","91","31298","6.55","3","438","0.09","77","4341","0.91","","1","73","34349","7.19","27","3","230","0.05","","","","","116","13006","2.72","","","","867","114015","23.85","","","","","2","16","2471","0.52","","","","43","1647","0.34","23","2300","0.48","","","","","4","2843","0.59","","","","","","","","","","","","","","2","78","0.02","","59","5874","1.23","50","","","126","43697","9.14","","","","","1","","","","","4","212","0.04","2","500","0.1","","","","19","4066","0.85","0.66","0.27","0.04","0.02","N/A","0.01",29,0,0,24,11,1,33,24,43,10,7,19,33,371735,32.62,38.1,1847613,20,69.7,26.7,0.7,1.3,0.1,1.5,4.1
"2","2000","Alaska","736732","710249","3.7","710231","7.4","25.3","9.4","47.4","66.9","3.9","14.8","6.1","1.3","7.1","6.8","61.9","80.3","7.0","16.2","91.6","27.5","71004","18.8","308583","63.8","24.0","241800","251899","2.75","32651","70760","9.9","20519","266627","3.3","52991","68728","1.5","10.0","3.1","0.3","0.0","25.9","8204030","4563605","9303387","13635","1851293","1518","570640.95","1.2",59,"1246","240833","339.09","664","100960","142.15","16","1976","2.78","206","32550","45.83","104","50866","71.62","94","13480","18.98","162","41001","57.73","","1","25","0.04","3","313","0.44","","","","","","","","","","","","","","","","","","13","2146","3.02","","","","","","","","","3","522","0.73","","","","","","","","","","","","","","","87","10261","14.45","","","","","","","","15","1353","1.91","","","","","","","","","","","","","","","","","","6","986","1.39","4","3405","4.79","2","73","0.1","1","25","0.04","2","","104","50866","71.62","","","","16","1691","2.38","3","1","194","0.27","11","3586","5.05","3","439","0.62","3","264","0.37","","","5","7","892","1.26","22","2921","4.11","","","","","","4","442","0.62","1","5","0.01","4","131","0.18","","","80","32170","45.3","","","","","","","","3","26","3175","4.47","","","","26","2451","3.45","","","","","1","3","501","0.71","","","","","","","","","","5","","","","","","","","","","","","","","","","","4","360","0.51","","","","","","","","","","","50","7234","10.19","","","","","","","","","","20","2489","3.5","1","30","0.04","12","1387","1.95","35","9642","13.58","0.57","0.02","0.09","0.10","0.16","0.07",3,0,4,5,8,14,6,1,5,4,1,2,5,7346,13.281,34.7,255646,3,66.9,3.9,14.8,6.1,1.3,7.1,6.8
"3","4000","Arizona","6731484","6392310","5.3","6392017","6.4","24.1","15.9","50.3","83.7","4.7","5.3","3.3","0.3","2.7","30.5","56.2","80.4","13.4","26.8","85.7","26.9","522382","24.6","2909218","64.4","20.7","165100","2370289","2.67","25358","49774","17.9","132762","2173205","1.8","420233","491529","2.0","1.9","3.3","0.0","10.7","28.1","57977827","57573459","86758801","13637","13268514","26997","113594.08","56.3",182,"4673","2379928","372.33","2612","762376","119.27","77","12473","1.95","484","171792","26.88","278","930702","145.6","36","16233","2.54","1186","486352","76.09","","9","2814","0.44","1","126","0.02","","","","1","20","0","","","","","","","","3","11","1320","0.21","26","7204","1.13","","","","","","","","13","3","1320","0.21","3","338","0.05","","","","1","","","","1","3600","0.56","","285","123713","19.35","","1","32","0.01","4","1","4","34","7659","1.2","","","","","","","","","","","3","296","0.05","","","","","40","14089","2.2","5","3715","0.58","15","1457","0.23","1","150","0.02","47","","277","930001","145.49","","","","22","2860","0.45","1","30","4590","0.72","62","48386","7.57","4","592","0.09","9","950","0.15","","","24","26","3845","0.6","73","7228","1.13","5","","1","78","0.01","30","3801","0.59","5","275","0.04","26","1672","0.26","","","811","392918","61.47","1","3","219","0.03","4","591","0.09","1","106","16991","2.66","1","0","","137","14151","2.21","3","1","0","","1","9","1926","0.3","","","","2","87","0.01","","","","98","1","0","","6","4577","0.72","","4","168","0.03","","","","","","","22","7290","1.14","4","608","0.1","","1","24","0","","","","66","24853","3.89","1","150","0.02","1","","","","","","10","2332","0.36","34","8738","1.37","9","195","0.03","84","42944","6.72","0.49","0.04","0.39","0.04","0.03","0.01",8,0,1,0,5,7,3,3,12,0,8,2,7,249916,7.336,40,2692594,9,83.7,4.7,5.3,3.3,0.3,2.7,30.5
"4","5000","Arkansas","2966369","2915958","1.7","2915918","6.5","23.8","15.7","50.9","79.7","15.6","1.0","1.5","0.3","1.9","7.0","73.4","83.6","4.5","7.2","83.7","20.1","237311","21.3","1341033","66.7","15.7","107300","1129723","2.53","22170","40768","19.2","64772","978094","0.0","191530","238994","5.5","1.1","1.4","0.1","2.3","24.5","60735582","29659789","32974282","11602","3559795","7666","52035.48","56.0",3321,"6697","1614357","553.64","4833","1136611","389.8","547","107202","36.76","939","205332","70.42","126","122662","42.07","10","1200","0.41","242","41350","14.18","5","184","27991","9.6","14","1787","0.61","","","","","","","1","","","","","","","","463","80814","27.71","1","113","0.04","","","","","2","130","0.04","9","3","420","0.14","","","","1","44","0.02","","","","","","","","","436","68946","23.64","","5","152","0.05","","","","5","1266","0.43","4","431","0.15","1","107","0.04","","","","","","","","","","","","7","652","0.22","6","1304","0.45","","","","","","","8","","126","122662","42.07","1","10","0","7","422","0.14","","50","7847","2.69","57","8974","3.08","79","11199","3.84","","","","4","7","11","30","2397","0.82","87","9996","3.43","4","","5","135","0.05","103","17353","5.95","4","499","0.17","27","1014","0.35","12","","62","27559","9.45","","1","37","0.01","","","","","108","16291","5.59","","","","721","84635","29.03","","2","18","0.01","3","17","2046","0.7","","","","","","","1","15","0.01","","","","","","","","","2","79","0.03","","","","","","","","","","1","18","0.01","","61","3592","1.23","","","","57","13469","4.62","","","","","","1","","","","","","","5","944","0.32","","","","21","4450","1.53","0.72","0.16","0.07","N/A","0.01","0.02",20,6,2,19,10,4,38,14,34,20,9,17,39,133144,28.085,39.5,1171716,11,79.7,15.6,1,1.5,0.3,1.9,7
"5","6000","California","38802500","37254503","4.2","37253956","6.5","23.6","12.9","50.3","73.2","6.5","1.7","14.4","0.5","3.7","38.6","38.5","84.2","27.0","43.7","81.2","30.7","1893539","27.2","13900766","55.3","31.0","366400","12542460","2.94","29527","61094","15.9","874243","13401863","3.5","2983996","3425510","4.0","1.3","14.9","0.3","16.5","30.3","491372092","598456486","455032270","12561","80852787","83645","155779.22","239.1",3295,"23558","16765751","450.04","13612","3502250","94.01","815","249191","6.69","3161","880981","23.65","1317","10234036","274.71","284","154331","4.14","4369","1744962","46.84","","98","61557","1.65","35","5225","0.14","","","","1","151","0","5","","","","","","","7","85","8658","0.23","458","114797","3.08","","","","","","","","83","29","10066","0.27","2","138","0","6","264","0.01","2","11","5460","0.15","23","32900","0.88","10","1260","348747","9.36","3","17","525","0.01","7","1","8","217","29638","0.8","","","","","","","","","","","5","505","0.01","18","","","","498","250945","6.74","109","65463","1.76","126","10532","0.28","2","110","0","331","","1315","10233334","274.69","","","","230","61456","1.65","14","202","22978","0.62","212","82719","2.22","53","12952","0.35","141","26922","0.72","","38","181","122","20634","0.55","222","25547","0.69","31","","2","47","0","301","72496","1.95","7","1078","0.03","116","6503","0.17","1","","1362","763818","20.5","13","24","2534","0.07","3","670","0.02","4","435","86715","2.33","1","19","0","632","73405","1.97","","8","525","0.01","3","41","6619","0.18","","","","","","","","","","226","9","5755","0.15","62","51738","1.39","3","1","80","0","","","","","","","151","36720","0.99","38","24208","0.65","","5","952","0.03","","","","409","130709","3.51","6","2550","0.07","10","1","","","","","148","53984","1.45","180","59607","1.6","41","5686","0.15","446","123908","3.33","0.39","0.05","0.38","0.15","0.01","0.02",37,2,0,1,11,20,26,21,22,0,3,0,5,1174829,44.631,36.5,14162912,8,73.2,6.5,1.7,14.4,0.5,3.7,38.6
"6","9000","Connecticut","3596677","3574096","0.6","3574097","5.3","21.6","15.5","51.2","81.2","11.5","0.5","4.5","0.1","2.2","15.0","68.8","88.0","13.6","21.5","89.2","36.5","217947","24.8","1493564","67.8","34.4","278900","1355849","2.55","37892","69461","10.2","88498","1473605","0.7","263511","332150","4.4","0.5","3.3","0.0","4.2","28.1","58404898","107917037","52165480","14953","9138437","5329","4842.36","738.1",150,"2597","1830862","512.26","871","157336","44.02","106","22969","6.43","806","281174","78.67","412","1254340","350.95","55","19632","5.49","347","95411","26.7","","14","4474","1.25","24","5845","1.64","","","","","","","1","","","","","","","","","","","122","40672","11.38","4","1003","0.28","","","","","7","2","1061","0.3","1","575","0.16","","","","","1","500","0.14","3","1000","0.28","","89","17947","5.02","","","","","","","1","8","1014","0.28","","","","","","","1","43","0.01","","","","","","","","","23","5297","1.48","4","1296","0.36","10","917","0.26","","","","2","","399","1252936","350.56","","","","19","2601","0.73","5","8","168","0.05","6","699","0.2","7","2180","0.61","1","245","0.07","","","18","2","100","0.03","63","9379","2.62","2","","","","","27","3870","1.08","1","0","","8","1149","0.32","","","32","14990","4.19","12","","","","2","599","0.17","","20","2007","0.56","","","","23","2618","0.73","","","","","","3","365","0.1","4","657","0.18","","","","","","","14","8","573","0.16","27","18681","5.23","","","","","","","","","","","17","5010","1.4","1","390","0.11","","","","","","4","","171","59261","16.58","","","","","","","","","","14","2644","0.74","23","3666","1.03","","","","73","24736","6.92","0.71","0.09","0.13","0.06","N/A","0.01",7,0,0,0,1,0,7,0,0,0,0,0,0,123367,98.993,37.1,1334367,9,81.2,11.5,0.5,4.5,0.1,2.2,15
"7","10000","Delaware","935614","897936","4.2","897934","6.0","21.8","16.4","51.6","70.8","22.2","0.7","3.8","0.1","2.5","8.9","63.7","86.3","8.4","12.6","87.7","28.9","75081","24.8","417437","72.5","17.6","235800","335707","2.63","29819","59878","11.7","24151","382128","5.1","56861","74573","8.7","0.0","4.0","0.0","2.1","26.1","25679939","5727401","14202083","16421","1910770","5194","1948.54","460.8",15,"831","374917","417.53","363","64625","71.97","75","13371","14.89","273","86858","96.73","45","182532","203.28","8","1486","1.65","67","26045","29.01","","39","9364","10.43","7","876","0.98","","","","","","","","","","","","","","","1","105","0.12","16","4699","5.23","","","","","9","1424","1.59","1","2","131","0.15","","","","","","","","","","","","","","","16","5720","6.37","","","","","","","1","6","279","0.31","","","","","","","3","755","0.84","","1","95","0.11","1","","","","4","421","0.47","","","","1","13","0.01","","","","1","","45","182532","203.28","","","","8","987","1.1","1","2","107","0.12","9","1281","1.43","","","","","","","","1","4","5","315","0.35","20","4054","4.51","","","","","","5","899","1","","","","8","560","0.62","","","12","4832","5.38","3","2","269","0.3","","","","","15","1703","1.9","","","","12","1306","1.45","","1","0","","","2","322","0.36","","","","","","","","","","1","","","","2","1253","1.4","","3","510","0.57","","","","","","","2","1050","1.17","1","210","0.23","","","","","","2","","35","10808","12.04","","","","","","","","","","","","","5","835","0.93","","","","14","6512","7.25","0.63","0.20","0.10","0.04","N/A","0.02",3,0,0,0,1,1,1,0,0,0,2,0,0,42472,1.874,38.2,357405,12,70.8,22.2,0.7,3.8,0.1,2.5,8.9
"8","12000","Florida","19893297","18804623","5.8","18801310","5.5","20.4","19.1","51.1","77.8","16.8","0.5","2.8","0.1","2.0","24.1","55.8","83.7","19.4","27.4","86.1","26.4","1569406","25.9","9144250","67.1","30.1","160200","7158980","2.61","26236","46956","16.3","510389","7134644","2.9","1838864","2009589","9.0","0.5","3.2","0.1","22.4","28.9","104832907","221641518","262341127","14353","41922059","84075","53624.76","350.6",3245,"15611","7357588","391.33","10307","3049524","162.2","1107","333390","17.73","1994","870959","46.32","552","2515243","133.78","142","60170","3.2","1509","528302","28.1","","453","111300","5.92","30","4410","0.23","","","","1","16","0","1","","","","","","","2","78","10868","0.58","24","18948","1.01","3","177","0.01","","1","125","0.01","60","14","4090","0.22","3","170","0.01","4","170","0.01","1","2","230","0.01","7","2810","0.15","","688","246270","13.1","","21","4290","0.23","2","","","76","9110","0.48","2","171","0.01","","","","","","","4","4","371","0.02","54","1","22","0","80","27940","1.49","16","9120","0.49","45","5040","0.27","","","","56","","547","2513839","133.71","","","","150","23687","1.26","9","116","18976","1.01","195","53140","2.83","52","10693","0.57","19","2384","0.13","","1","72","107","15832","0.84","613","109332","5.82","13","90","","","","144","22375","1.19","4","239","0.01","146","8377","0.45","1","7","235","136925","7.28","48","19","1734","0.09","3","471","0.03","3","235","44889","2.39","3","438","0.02","500","70094","3.73","3","2","65","0","3","32","4007","0.21","","","","18","669","0.04","8","351","0.02","6","","","","47","42193","2.24","","4","688","0.04","","","","","","","60","8610","0.46","19","5603","0.3","1","5","459","0.02","","2","","334","129482","6.89","1","200","0.01","2","","","","","","24","2935","0.16","32","6268","0.33","4","821","0.04","194","68140","3.62","0.55","0.16","0.25","0.03","N/A","0.01",44,1,0,1,20,18,31,16,35,0,40,4,21,1077221,33.017,39.5,7857852,14,77.8,16.8,0.5,2.8,0.1,2,24.1
"9","13000","Georgia","10097343","9688681","4.2","9687653","6.6","24.7","12.4","51.2","62.1","31.5","0.5","3.8","0.1","2.0","9.3","54.3","83.6","9.7","13.3","84.7","28.0","690208","27.0","4151190","65.1","20.5","151300","3518097","2.71","25182","49179","18.2","217559","3458050","2.0","816360","901105","20.4","0.7","5.1","0.1","3.6","30.9","144280774","141962359","117516907","12326","16976235","39423","57513.49","168.4",6841,"12292","4924376","508.31","7947","2853360","294.54","1256","381421","39.37","2230","855259","88.28","185","596384","61.56","45","15376","1.59","629","222576","22.98","","540","117271","12.11","28","4825","0.5","","","","","","","6","","","","","","","","20","3379","0.35","19","13978","1.44","1","60","0.01","","","","","30","2","610","0.06","1","41","0","2","87","0.01","","1","150","0.02","1","450","0.05","","253","56268","5.81","","14","1379","0.14","","","7","33","7690","0.79","3","477","0.05","","","","","","","","","","","1","","","","27","10698","1.1","10","4365","0.45","5","602","0.06","","","","16","","185","596384","61.56","","","","51","7238","0.75","5","68","20989","2.17","163","43168","4.46","144","32695","3.37","3","234","0.02","","4","18","49","3000","0.31","532","175184","18.08","2","27","3","164","0.02","116","26235","2.71","3","489","0.05","115","7187","0.74","","3","150","77587","8.01","22","","","","","","","1","93","11292","1.17","","","","417","55105","5.69","","","","","2","5","590","0.06","","","","104","8461","0.87","16","5946","0.61","","","","","11","11100","1.15","","1","13","0","1","0","","4","610","0.06","3","270","0.03","4","1029","0.11","","6","571","0.06","","","","166","68812","7.1","2","1050","0.11","3","","1","","","","5","1696","0.18","5","305","0.03","","","","84","29076","3","0.53","0.31","0.10","0.04","N/A","0.02",74,9,2,32,28,14,79,62,92,6,60,48,84,501707,74.276,37.1,3746114,13,62.1,31.5,0.5,3.8,0.1,2,9.3
"10","15000","Hawaii","1419561","1360301","4.4","1360301","6.4","21.7","16.1","49.4","26.7","2.5","0.4","37.5","10.0","23.0","10.1","23.0","84.9","17.9","25.4","90.4","30.1","112625","26.0","530106","57.6","38.1","503100","449771","2.96","29305","67402","11.2","31622","502530","2.1","98490","120374","0.9","1.3","47.2","9.5","3.6","31.0","8799266","8894672","17611851","13793","8042210","3066","6422.63","211.8",0,"1314","561980","413.13","622","130265","95.76","","","","218","40833","30.02","93","249619","183.5","6","340","0.25","375","140923","103.6","","","","","","","","","","","","","","","","","","","","","","3","199","0.15","3","658","0.48","","","","","","","","1","","","","","","","","","","","","","","","","","","83","22543","16.57","","","","","","","","26","869","0.64","","","","","","","","","","","","","","","","","","127","61727","45.38","5","3692","2.71","8","340","0.25","","","","23","","93","249619","183.5","","","","9","1591","1.17","","4","216","0.16","11","1745","1.28","","","","1","50","0.04","","","7","1","24","0.02","29","2250","1.65","","","","","","","","","","","","3","196","0.14","","","134","69872","51.37","","","","","","","","","25","3935","2.89","","","","14","911","0.67","","","","","","","","","5","483","0.36","","","","","","","1","1","24","0.02","1","108","0.08","","","","","","","","","","","3","270","0.2","1","50","0.04","","","","","","","","34","6932","5.1","","","","","","","","","","2","535","0.39","7","1340","0.99","","","","11","2573","1.89","0.19","0.02","0.09","0.53","N/A","0.17",3,0,0,0,2,5,0,0,0,0,1,0,0,5677,1.78,37.8,536594,1,26.7,2.5,0.4,37.5,10,23,10.1
"11","16000","Idaho","1634464","1567652","4.3","1567582","7.0","26.4","14.3","49.9","93.5","0.8","1.7","1.4","0.2","2.3","12.0","82.8","82.8","5.9","10.4","88.8","25.1","122955","20.0","685099","69.8","14.9","162100","579797","2.68","22568","46767","15.5","43124","509986","3.3","115043","151671","0.2","0.9","0.8","0.0","2.6","23.5","18010976","14286715","20526631","13691","2415951","8797","82643.12","19.0",25,"2427","801655","511.4","881","201546","128.57","5","822","0.52","253","57056","36.4","108","123400","78.72","8","818","0.52","1172","418013","266.66","","","","","","","","","","","","","","","","","","","","","","5","345","0.22","36","7363","4.7","","","","","","","","2","4","363","0.23","","","","","","","","","","","","","","","89","22183","14.15","","","","","","","1","10","814","0.52","","","","","","","","","","1","","","","","","","","8","1514","0.97","2","566","0.36","3","106","0.07","","","","29","","108","123400","78.72","","","","8","1573","1","1","16","3261","2.08","27","20145","12.85","2","252","0.16","1","33","0.02","","","8","8","1329","0.85","12","750","0.48","1","","","","","3","570","0.36","8","1183","0.75","11","473","0.3","","","1067","409265","261.08","","6","757","0.48","1","435","0.28","1","53","17967","11.46","2","23","0.01","43","3267","2.08","","","","","4","8","1024","0.65","","","","","","","","","","10","3","309","0.2","","","","","","","","","","","","","","1","90","0.06","","","","","","","","","","","36","5887","3.76","","","","","","","","","","1","79","0.05","8","1095","0.7","15","2296","1.46","35","8337","5.32","0.82","0.01","0.13","0.01","N/A","0.02",12,12,2,2,8,11,15,7,7,2,10,1,1,62478,13.578,40.7,665227,9,93.5,0.8,1.7,1.4,0.2,2.3,12
"12","17000","Illinois","12880580","12831587","0.4","12830632","6.1","23.2","13.9","50.9","77.5","14.7","0.6","5.3","0.1","1.8","16.7","62.3","86.8","13.8","22.3","87.3","31.4","727919","28.0","5307222","67.5","32.9","182300","4772723","2.63","29666","56797","14.1","315364","5209070","1.7","928461","1123817","9.5","0.5","5.3","0.1","5.0","30.5","257760713","231082768","165450520","12947","25469026","20579","55518.93","231.1",10173,"12453","7094832","552.96","6400","1649402","128.55","668","220435","17.18","3216","933690","72.77","1089","3648907","284.39","118","76138","5.93","962","566260","44.13","","109","23924","1.86","18","3905","0.3","1","350","0.03","","","","2","","","","","","","1","15","888","0.07","274","69456","5.41","3","593","0.05","","47","6267","0.49","40","7","4521","0.35","19","9478","0.74","1","43","0","","3","2000","0.16","5","2850","0.22","","320","119747","9.33","1","","","","22","","2","41","5715","0.45","2","360","0.03","1","197","0.02","","","","","3","287","0.02","3","","","","50","21202","1.65","23","8805","0.69","13","1270","0.1","2","425","0.03","14","","1082","3648907","284.39","","","","53","7258","0.57","10","153","41052","3.2","482","131926","10.28","37","12269","0.96","47","16337","1.27","","6","59","100","8196","0.64","134","16656","1.3","7","","11","609","0.05","163","31792","2.48","1","95","0.01","18","1047","0.08","","","128","55750","4.35","5","38","4370","0.34","1","260","0.02","2","223","34303","2.67","3","59","0","275","26427","2.06","","26","4102","0.32","2","53","5334","0.42","","","","","","","","","","33","14","2621","0.2","21","20325","1.58","","1","142","0.01","","","","","","","99","17640","1.37","3","2600","0.2","","37","2724","0.21","2","2","","165","42623","3.32","2","610","0.05","1","2","3","10","672","0.05","78","13680","1.07","108","27188","2.12","1","21","0","497","222698","17.36","0.64","0.13","0.16","0.06","N/A","0.01",40,12,6,19,14,2,50,1,15,27,6,3,4,551464,42.575,37.1,4778695,12,77.5,14.7,0.6,5.3,0.1,1.8,16.7
"13","18000","Indiana","6596855","6484192","1.7","6483802","6.4","24.0","14.3","50.7","86.1","9.6","0.4","2.0","0.1","1.9","6.6","80.3","84.9","4.7","8.2","87.2","23.2","455105","23.2","2829532","70.0","18.5","122800","2481793","2.55","24635","48248","15.4","143515","2555979","1.7","390233","482847","4.6","0.5","1.8","0.0","1.8","26.8","221877814","67634947","78745589","12408","11669759","17816","35826.11","181.0",5096,"9061","2874144","443.28","5364","1238154","190.96","316","94705","14.61","2484","689902","106.4","453","747706","115.32","50","22883","3.53","394","80794","12.46","","54","12011","1.85","15","3157","0.49","","","","1","26","0","1","","","","1","127","0.02","","22","2204","0.34","338","94067","14.51","4","315","0.05","","300","45144","6.96","21","7","1492","0.23","12","3617","0.56","","","","","","","","","","","","257","54710","8.44","","","","","2","1","1","8","1319","0.2","11","1428","0.22","2","55","0.01","","","","","30","3882","0.6","4","","","","20","3502","0.54","5","350","0.05","2","156","0.02","3","105","0.02","19","","449","747706","115.32","6","280","0.04","31","5679","0.88","","185","66307","10.23","568","199088","30.71","18","6476","1","18","6092","0.94","7","4","26","143","20618","3.18","111","16698","2.58","1","","10","313","0.05","77","11729","1.81","2","185","0.03","29","1232","0.19","","10","99","41290","6.37","5","91","12250","1.89","","","","","269","55725","8.59","26","3535","0.55","334","34152","5.27","12","25","4902","0.76","1","12","1318","0.2","1","124","0.02","","","","","","","1","3","557","0.09","4","2968","0.46","","9","2287","0.35","","","","","","","11","4560","0.7","1","455","0.07","","6","543","0.08","","1","","83","14998","2.31","2","500","0.08","1","3","8","","","","7","1324","0.2","24","11783","1.82","","","","171","57417","8.86","0.78","0.09","0.09","0.03","N/A","0.01",44,2,2,42,8,7,34,2,10,8,3,0,1,590460,52.045,38.3,2526595,23,86.1,9.6,0.4,2,0.1,1.9,6.6
"14","19000","Iowa","3107126","3046869","2.0","3046355","6.3","23.4","15.8","50.3","92.1","3.4","0.5","2.2","0.1","1.7","5.6","87.1","84.8","4.5","7.2","91.0","25.7","226175","18.8","1362124","72.2","18.4","124300","1226547","2.42","27027","51843","12.4","80581","1305216","0.9","203763","259931","0.8","0.2","1.1","0.1","0.9","25.5","97592051","41068338","39234649","13172","4737719","10256","55857.13","54.5",965,"5107","1642344","539.12","2152","402376","132.08","47","17902","5.88","2150","666637","218.83","454","503080","165.14","15","2232","0.73","289","50117","16.45","","12","2198","0.72","1","138","0.05","","","","","","","","1","433","0.14","","","","10","","","","102","17165","5.63","","","","","52","7179","2.36","1","3","700","0.23","8","1989","0.65","","","","","","","","","","","","129","27755","9.11","","","","","7","","1","8","1019","0.33","2","370","0.12","1","110","0.04","","","","","1","96","0.03","1","","","","4","561","0.18","5","739","0.24","2","493","0.16","","","","7","","454","503080","165.14","","","","20","5199","1.71","8","136","38654","12.69","122","23591","7.74","1","126","0.04","59","20457","6.72","7","","13","9","287","0.09","19","1363","0.45","2","","3","79","0.03","9","1183","0.39","4","432","0.14","9","442","0.15","","","69","24614","8.08","","25","2536","0.83","3","479","0.16","","75","10173","3.34","2","17","0.01","71","4260","1.4","","8","355","0.12","1","49","7669","2.52","3","281","0.09","","","","","","","14","9","1859","0.61","3","1069","0.35","","5","555","0.18","9","545","0.18","","","","41","4950","1.62","2","130","0.04","1","1","27","0.01","","","","61","9060","2.97","","","","","","6","","","","18","1871","0.61","89","19945","6.55","","","","439","229557","75.35","0.88","0.03","0.05","0.03","N/A","N/A",21,30,0,33,3,1,39,2,0,42,1,0,1,45419,26.603,39.2,1217993,4,92.1,3.4,0.5,2.2,0.1,1.7,5.6
"15","20000","Kansas","2904021","2853132","1.8","2853118","6.9","24.9","14.3","50.2","86.8","6.3","1.2","2.8","0.1","2.8","11.4","76.8","83.2","6.7","11.0","89.8","30.3","211113","19.0","1248813","67.5","17.7","128400","1110440","2.51","26929","51332","13.7","73816","1150401","1.4","190838","237040","2.4","0.9","2.0","0.0","2.4","27.5","76751828","45863865","34538332","12444","4192347","7459","81758.72","34.9",4433,"4782","1444455","506.27","2511","516818","181.14","159","41666","14.6","1472","386980","135.63","343","426611","149.52","19","3397","1.19","278","68983","24.18","","41","6285","2.2","3","451","0.16","","","","","","","","","","","","","","1","11","1364","0.48","214","48497","17","","","","","10","940","0.33","2","9","1591","0.56","6","902","0.32","","","","","","","","","","","","151","29767","10.43","","","","","2","","1","6","1324","0.46","4","652","0.23","","","","","","","","3","303","0.11","7","","","","14","6122","2.15","9","1443","0.51","4","638","0.22","","","","12","","343","426611","149.52","","","","5","1374","0.48","4","123","38890","13.63","207","61549","21.57","8","1687","0.59","3","427","0.15","","1","9","49","7182","2.52","31","2080","0.73","2","","","","","52","8778","3.08","26","4427","1.55","10","536","0.19","4","","74","34190","11.98","1","27","2759","0.97","","","","","134","32538","11.4","5","144","0.05","166","17933","6.29","","3","168","0.06","1","34","6061","2.12","","","","","","","","","","1","3","516","0.18","2","2354","0.83","","2","280","0.1","","","","","","","2","180","0.06","1","535","0.19","","","","","","","","75","13629","4.78","","","","1","","","","","","26","7154","2.51","32","6615","2.32","40","4325","1.52","121","34368","12.05","0.75","0.06","0.12","0.04","N/A","0.02",19,46,14,12,7,1,29,10,0,52,1,0,0,17062,0.923,39.2,1138376,1,86.8,6.3,1.2,2.8,0.1,2.8,11.4
"16","21000","Kentucky","4413457","4339349","1.7","4339367","6.3","22.9","14.8","50.8","88.3","8.2","0.3","1.4","0.1","1.8","3.4","85.4","84.8","3.3","5.0","83.0","21.5","312365","22.8","1950382","68.4","18.0","120400","1694996","2.5","23462","43036","18.8","90675","1507375","1.8","274987","337600","3.1","0.3","1.6","0.0","1.1","25.6","119105421","74680759","50405925","11843","6300866","9536","39486.34","109.9",1702,"7745","2237714","515.68","5462","1448947","333.91","230","64958","14.97","1483","305955","70.51","308","359783","82.91","9","2133","0.49","253","55938","12.89","","56","8730","2.01","24","3257","0.75","","","","1","28","0.01","3","","","","4","414","0.1","1","19","3714","0.86","6","2989","0.69","","","","","62","8172","1.88","17","3","1255","0.29","1","12","0","","","","","","","","","","","","167","22578","5.2","","2","84","0.02","","1","2","2","715","0.16","3","337","0.08","1","109","0.03","","","","","2","192","0.04","4","","","","11","2674","0.62","","","","2","105","0.02","1","3","0","4","","308","359783","82.91","","","","22","6517","1.5","1","227","55034","12.68","382","137241","31.63","20","2882","0.66","","","","","1","5","126","10152","2.34","245","41216","9.5","","","","","","11","817","0.19","4","472","0.11","73","4490","1.03","","28","74","31991","7.37","2","4","306","0.07","","","","","131","17672","4.07","2","47","0.01","607","57388","13.22","4","","","","","5","568","0.13","","","","1","42","0.01","","","","1","","","","4","2571","0.59","","6","263","0.06","","","","","","","1","90","0.02","1","35","0.01","","100","9566","2.2","7","","31","71","17278","3.98","","","","1","2","1","1","48","0.01","1","498","0.11","11","2488","0.57","","","","32","6441","1.48","0.84","0.08","0.04","0.03","N/A","0.01",35,28,13,27,19,3,43,36,71,14,8,40,51,82493,47.986,37.7,1663873,5,88.3,8.2,0.3,1.4,0.1,1.8,3.4
"17","22000","Louisiana","4649676","4533479","2.6","4533372","6.6","23.9","13.6","51.1","63.4","32.5","0.8","1.8","0.1","1.5","4.8","59.3","85.8","3.9","8.7","82.6","21.8","304271","24.9","2010868","67.0","18.3","138900","1707852","2.6","24442","44874","19.1","104375","1687956","2.7","348367","375808","15.9","0.7","2.8","0.0","2.9","27.4","205054723","51415553","56543203","12921","9729869","15255","43203.9","104.9",2484,"5841","2746897","605.93","3494","1064486","234.81","741","217176","47.91","766","202751","44.72","564","1200900","264.9","15","2478","0.55","261","59106","13.04","","106","17863","3.94","16","2300","0.51","","","","1","23","0.01","2","","","","","","","","51","10724","2.37","5","5379","1.19","","","","","","","","7","4","563","0.12","","","","","","","","","","","1","200","0.04","","221","54478","12.02","","2","141","0.03","","","3","5","1319","0.29","1","19","0","","","","","","","","","","","","","","","12","4489","0.99","2","314","0.07","2","131","0.03","","","","8","","564","1200900","264.9","","","","6","197","0.04","2","20","3490","0.77","22","2846","0.63","107","17210","3.8","","","","","19","11","55","3615","0.8","64","9444","2.08","","","3","203","0.04","132","21746","4.8","3","437","0.1","21","835","0.18","","1","51","28567","6.3","6","1","114","0.03","","","","","47","4317","0.95","","","","228","24594","5.43","","1","12","0","3","5","540","0.12","","","","","","","10","443","0.1","","","","","2","723","0.16","","","","","","","","","","","2","180","0.04","3","178","0.04","","4","90","0.02","","","","95","28214","6.22","","","","","","","","","","","","","2","370","0.08","","","","18","4625","1.02","0.58","0.31","0.06","0.02","N/A","0.02",35,3,7,8,9,1,36,26,34,9,4,26,42,124818,28.203,37.5,1743628,7,63.4,32.5,0.8,1.8,0.1,1.5,4.8
"18","24000","Maryland","5976407","5773785","3.5","5773552","6.2","22.6","13.8","51.5","60.1","30.3","0.6","6.4","0.1","2.6","9.3","52.6","86.7","14.0","16.7","88.7","36.8","427068","32.0","2422194","67.6","25.5","292700","2146240","2.65","36354","73538","9.8","135421","2182260","1.4","456511","528112","19.3","0.6","6.8","0.1","4.9","32.6","41456097","51276797","75664186","13429","10758428","16331","9707.24","594.8",753,"5336","2415376","418.35","2484","693990","120.2","317","157854","27.34","1703","500112","86.62","301","837338","145.03","45","24799","4.3","486","201283","34.86","","134","78364","13.57","36","21713","3.76","","","","1","47","0.01","12","","","","","","","1","6","2002","0.35","105","52586","9.11","2","241","0.04","1","10","1512","0.26","27","5","1558","0.27","1","18","0","","","","","1","2000","0.35","","","","","119","29066","5.03","","7","886","0.15","2","1","","29","3109","0.54","1","82","0.01","","","","","","","","3","292","0.05","5","","","","25","6732","1.17","9","6028","1.04","12","891","0.15","","","","8","","300","837338","145.03","","","","23","2697","0.47","4","35","6378","1.1","35","8754","1.52","3","848","0.15","2","212","0.04","","","18","24","3308","0.57","126","31273","5.42","2","1","","","","22","3374","0.58","","","","21","1208","0.21","","","79","42614","7.38","9","62","10144","1.76","","","","","68","11027","1.91","5","128","0.02","50","8651","1.5","3","18","1185","0.21","1","5","685","0.12","","","","","","","","","","3","","","","21","28933","5.01","","1","439","0.08","1","0","","","","","19","17220","2.98","2","750","0.13","","1","14","0","","3","","207","70836","12.27","1","450","0.08","2","2","","1","0","","1","56","0.01","9","2378","0.41","1","96","0.02","207","79375","13.75","0.54","0.29","0.08","0.06","N/A","0.03",5,18,10,0,10,19,13,1,9,18,11,4,10,236623,13.883,36.4,2175412,11,60.1,30.3,0.6,6.4,0.1,2.6,9.3
"19","25000","Massachusetts","6745408","6547817","3.0","6547629","5.4","20.6","15.1","51.5","82.6","8.3","0.5","6.3","0.1","2.2","10.8","74.3","86.7","15.0","21.9","89.4","39.4","383087","28.0","2828492","62.7","41.7","330100","2530147","2.51","35763","66866","11.4","172533","3062689","0.9","484147","596790","3.4","0.4","4.5","0.0","3.3","29.8","86428959","95275672","88082966","13553","14917210","14486","7800.06","839.4",270,"4200","3748058","572.43","1395","224726","34.32","69","11200","1.71","1291","308286","47.08","649","2940199","449.05","104","61544","9.4","692","202103","30.87","","17","5405","0.83","10","1361","0.21","1","350","0.05","","","","5","","","","","","","","","","","277","49669","7.59","","","","","","","","24","11","6024","0.92","","","","","","","2","5","2300","0.35","8","4050","0.62","","146","33220","5.07","","","","","","","3","25","2757","0.42","","","","","","","","","","","","","","","","","","56","15340","2.34","17","11467","1.75","18","1697","0.26","2","236","0.04","9","","641","2940199","449.05","","","","28","4038","0.62","7","5","0","","8","181","0.03","2","279","0.04","5","1766","0.27","","","49","4","6890","1.05","64","5840","0.89","2","","","","","17","2040","0.31","","","","14","820","0.13","","","51","24965","3.81","7","","","","","","","","66","8908","1.36","1","43","0.01","28","2260","0.35","2","3","149","0.02","","6","612","0.09","7","1584","0.24","","","","","","","45","49","7828","1.2","34","26215","4","","","","","","","","","","","37","4890","0.75","1","4000","0.61","","1","35","0.01","","2","","238","81999","12.52","1","485","0.07","2","","","","","","21","4135","0.63","15","1879","0.29","","","","66","24228","3.7","0.72","0.07","0.11","0.08","N/A","0.02",13,62,0,10,5,3,21,3,1,49,2,1,4,311313,167.753,35.7,2408111,13,82.6,8.3,0.5,6.3,0.1,2.2,10.8
"20","26000","Michigan","9909877","9884133","0.3","9883640","5.8","22.4","15.4","50.9","79.9","14.2","0.7","2.9","0.0","2.3","4.8","75.8","85.3","6.1","9.1","88.9","25.9","672213","24.0","4539871","72.1","17.9","121700","3823280","2.53","25681","48411","16.8","217494","3535685","1.9","687136","816972","8.9","0.7","2.6","0.1","1.3","30.4","234455768","107109349","109102594","10855","14536648","15933","56538.9","174.8",2912,"9521","4165343","421.44","4999","1277144","129.22","545","214114","21.66","2244","653898","66.16","843","1717296","173.75","92","47533","4.81","798","255358","25.84","","67","21253","2.15","16","3402","0.34","","","","1","35","0","1","","","","","","","1","18","1513","0.15","146","53649","5.43","","","","","85","10218","1.03","13","12","5928","0.6","3","679","0.07","","","","16","1","3000","0.3","4","2625","0.27","","291","78068","7.9","1","","","","9","1","","22","2979","0.3","1","111","0.01","","","","","","","","1","97","0.01","6","","","","27","6849","0.69","11","4330","0.44","5","389","0.04","3","670","0.07","17","1","839","1717296","173.75","","","","34","5036","0.51","11","42","6016","0.61","110","20971","2.12","25","5391","0.55","230","97659","9.88","","4","41","107","11722","1.19","115","23514","2.38","8","1","5","280","0.03","145","33437","3.38","3","455","0.05","21","1350","0.14","","6","105","42319","4.28","16","23","1634","0.17","","","","8","185","40375","4.09","36","4684","0.47","193","28472","2.88","4","6","259","0.03","4","89","14863","1.5","3","944","0.1","","","","","","","16","16","1566","0.16","8","8297","0.84","","11","866","0.09","2","15","0","","","","66","9930","1","3","1840","0.19","","2","47","0","1","6","","216","40383","4.09","1","50","0.01","3","1","2","","","","52","11285","1.14","32","7588","0.77","7","497","0.05","320","120598","12.2","0.75","0.14","0.06","0.03","N/A","0.02",4,0,7,0,4,4,5,1,8,3,7,0,0,483751,32.988,37.8,3745934,13,79.9,14.2,0.7,2.9,0,2.3,4.8
"21","28000","Mississippi","2994079","2968103","0.9","2967297","6.5","24.4","14.3","51.4","59.7","37.5","0.6","1.0","0.1","1.2","3.0","57.3","85.8","2.2","3.9","81.5","20.1","200748","23.9","1294721","69.4","13.9","99900","1088073","2.65","20618","39031","22.7","58435","902638","0.8","201939","225977","18.0","0.3","1.8","0.0","0.8","26.9","59869456","23003585","33751407","11552","7045097","6871","46923.27","63.2",1682,"6765","1742916","587.37","4194","1168450","393.78","863","182556","61.52","1360","244121","82.27","154","112488","37.91","6","975","0.33","188","34326","11.57","","130","23243","7.83","42","6351","2.14","","","","","","","3","","","","","","","","31","3900","1.31","1","187","0.06","","","","","1","175","0.06","5","2","320","0.11","","","","","","","","","","","","","","","174","21355","7.2","","11","776","0.26","","","1","3","816","0.27","","","","","","","","","","","","","","","","","","3","229","0.08","1","14","0","","","","","","","5","","154","112488","37.91","","","","2","","","","44","5616","1.89","28","2790","0.94","199","30425","10.25","","","","","51","4","54","3214","1.08","176","23720","7.99","","2","","","","121","19804","6.67","8","1230","0.41","60","2268","0.76","","","43","21217","7.15","7","","","","","","","","51","4937","1.66","","","","369","42166","14.21","","2","0","","1","6","1091","0.37","","","","","","","37","2616","0.88","","","","","1","124","0.04","","","","","","","","","","","","","","","","","","16","1695","0.57","","","","81","19239","6.48","","","","","","","","","","2","151","0.05","","","","","","","13","1660","0.56","0.57","0.37","0.03","N/A","N/A","0.01",21,0,0,0,1,4,16,1,1,0,1,0,2,191755,41.246,38.7,1158709,17,59.7,37.5,0.6,1,0.1,1.2,3
"22","29000","Missouri","6063589","5988923","1.2","5988927","6.2","23.0","15.4","50.9","83.5","11.8","0.5","1.9","0.1","2.1","4.0","80.1","83.8","3.9","6.1","87.6","26.2","479828","23.1","2735742","68.4","19.7","137000","2360131","2.47","25649","47380","15.5","150290","2355336","1.5","393292","501064","4.9","0.6","1.9","0.1","1.2","26.1","110907604","81032913","76575216","12957","11070634","16003","68741.52","87.1",5577,"9001","2950894","492.72","5711","1518847","253.61","337","93900","15.68","1806","462246","77.18","505","724315","120.94","25","6745","1.13","617","144841","24.18","","86","17203","2.87","9","1514","0.25","","","","","","","5","","","","1","136","0.02","1","23","2701","0.45","27","19991","3.34","","","","","78","9833","1.64","9","2","127","0.02","4","446","0.07","1","42","0.01","","","","","1","85","0.01","","469","117904","19.69","","3","32","0.01","3","","","17","1883","0.31","1","16","0","2","159","0.03","","","","","","","","","","","","17","5130","0.86","15","1853","0.31","2","87","0.01","","","","16","","504","724315","120.94","","","","5","452","0.08","7","324","81509","13.61","317","72756","12.15","18","5192","0.87","2","93","0.02","19","6","25","79","5132","0.86","71","13597","2.27","6","","9","244","0.04","65","13787","2.3","7","881","0.15","27","923","0.15","7","","145","66071","11.03","5","13","581","0.1","","","","2","177","26451","4.42","1","43","0.01","443","42805","7.15","","11","713","0.12","1","108","26177","4.37","","","","","","","6","339","0.06","","","","","3","3659","0.61","","","","","1","87","0.01","","","","8","1500","0.25","1","250","0.04","","24","1207","0.2","","","","95","23609","3.94","","","","1","3","2","","","","10","1815","0.3","41","9626","1.61","2","257","0.04","72","22260","3.72","0.81","0.12","0.04","0.01","N/A","0.02",7,6,4,1,16,6,7,6,18,4,3,9,21,382093,52.578,38.4,2328418,16,83.5,11.8,0.5,1.9,0.1,2.1,4
"23","30000","Montana","1023579","989417","3.5","989415","6.0","22.0","16.7","49.8","89.4","0.6","6.6","0.8","0.1","2.6","3.5","86.7","83.6","2.0","4.4","92.1","28.7","94404","18.0","491531","68.3","16.8","184200","405525","2.39","25373","46230","15.2","36529","350196","1.8","84251","114398","0.2","2.0","0.6","0.0","1.0","24.6","10638145","8202782","14686854","15343","2079426","3884","145545.8","6.8",236,"1778","376976","381.01","930","121064","122.36","4","331","0.33","407","76869","77.69","204","127612","128.98","6","565","0.57","227","50535","51.08","","3","316","0.32","","","","","","","2","88","0.09","","","","","","","","3","9","644","0.65","26","2562","2.59","","","","","4","363","0.37","1","","","","","","","","","","","","","","","","","","86","16577","16.75","","","","","5","","","6","663","0.67","","","","","","","","","","1","","","","","","","","8","341","0.34","1","267","0.27","2","250","0.25","","","","10","","204","127612","128.98","","","","37","6398","6.47","1","14","1924","1.94","22","3468","3.51","","","","7","1737","1.76","","","9","10","442","0.45","7","774","0.78","","","","","","","","","2","175","0.18","3","71","0.07","","","120","46484","46.98","","1","20","0.02","4","724","0.73","","21","2300","2.32","","","","40","2730","2.76","","","","","3","7","896","0.91","","","","","","","","","","5","3","482","0.49","","","","","","","","","","","","","","3","270","0.27","","","","","","","","","","","41","5297","5.35","","","","","","21","","","","2","544","0.55","13","1778","1.8","","","","126","38665","39.08","0.90","0.01","0.03","N/A","0.03","0.02",38,0,0,4,12,17,32,1,3,10,0,2,3,114056,42.373,38.7,396125,29,89.4,0.6,6.6,0.8,0.1,2.6,3.5
"24","31000","Nebraska","1881503","1826341","3.0","1826341","6.9","24.8","14.4","50.2","89.4","4.9","1.4","2.2","0.1","2.0","10.2","80.5","83.3","6.3","10.5","90.5","28.5","142176","18.1","814970","67.0","19.6","128000","725787","2.47","26899","51672","12.8","52585","830073","1.4","127427","159665","1.8","0.4","1.4","0.0","1.9","25.7","40157999","24019868","26486612","14965","2685580","7605","76824.17","23.8",1852,"2860","1016529","556.59","1243","288965","158.22","43","13106","7.18","1032","297522","162.91","350","372838","204.14","11","1493","0.82","181","42605","23.33","","5","816","0.45","2","252","0.14","","","","","","","","","","","","","","1","2","288","0.16","54","10679","5.85","","","","","3","275","0.15","1","3","475","0.26","","","","","","","","","","","","","","","98","20118","11.02","","","","","6","","1","5","684","0.37","","","","","","","","","","","1","95","0.05","","","","","11","4101","2.25","1","15","0.01","1","107","0.06","","","","4","","350","372838","204.14","","","","21","13500","7.39","1","51","8804","4.82","75","16427","8.99","1","126","0.07","3","302","0.17","","1","8","15","559","0.31","14","1311","0.72","2","","1","113","0.06","17","2372","1.3","3","356","0.19","4","195","0.11","","","62","23398","12.81","","4","295","0.16","","","","1","31","4281","2.34","","","","49","4308","2.36","","","","","","13","2213","1.21","","","","","","","","","","2","8","1952","1.07","2","1658","0.91","","","","","2","44","0.02","","","","31","3570","1.95","","","","","","","","","","","56","7981","4.37","","","","","","1","","","","19","2238","1.23","73","14234","7.79","1","45","0.02","250","110110","60.29","0.79","0.04","0.11","0.03","N/A","0.01",46,3,0,19,14,22,48,16,41,1,32,10,28,121287,60.212,39.2,737549,16,89.4,4.9,1.4,2.2,0.1,2,10.2
"25","32000","Nevada","2839099","2700692","5.1","2700551","6.2","23.4","14.2","49.7","76.2","9.1","1.6","8.3","0.7","4.0","27.8","51.5","77.7","19.1","29.3","84.6","22.4","226555","23.8","1198907","56.7","30.1","169100","999016","2.7","26589","52800","15.0","60306","1047657","3.3","192044","221260","3.9","0.8","7.9","0.3","8.1","28.6","15735787","19255893","37433983","14579","28815533","13016","109781.18","24.6",2,"1392","927955","343.62","665","213188","78.94","47","9751","3.61","145","41558","15.39","74","451070","167.03","15","9281","3.44","446","203107","75.21","","4","1301","0.48","","","","","","","","","","","","","","","","","1","3","379","0.14","17","5564","2.06","","","","","","","","4","1","217","0.08","","","","","","","","1","260","0.1","1","600","0.22","","61","30545","11.31","","","","","","1","","14","1723","0.64","","","","","","","","","","","","","","","","","","18","10504","3.89","6","4016","1.49","5","207","0.08","","","","22","","74","451070","167.03","","","","5","2424","0.9","","7","841","0.31","7","17727","6.56","1","43","0.02","5","436","0.16","","2","4","4","225","0.08","10","1017","0.38","2","","","","","24","6196","2.29","","","","5","136","0.05","","","323","175149","64.86","","","","","","","","","17","2991","1.11","","","","30","2829","1.05","","","","","1","2","317","0.12","","","","","","","","","","6","","","","3","1861","0.69","","","","","","","","","","","","","","","","","","","","","","","","30","5235","1.94","1","150","0.06","1","","","","","","1","72","0.03","4","828","0.31","1","112","0.04","21","10576","3.92","0.50","0.09","0.28","0.09","N/A","0.03",6,38,13,2,6,1,4,0,2,42,0,3,6,34531,7.307,37.6,1067501,3,76.2,9.1,1.6,8.3,0.7,4,27.8
"26","33000","New Hampshire","1326813","1316466","0.8","1316470","4.9","20.1","15.9","50.6","94.0","1.5","0.3","2.5","0.0","1.6","3.3","91.3","86.5","5.4","8.0","91.8","33.7","112790","26.3","619856","71.4","25.6","239900","518245","2.47","33134","64916","8.7","37185","551793","0.5","101795","137815","0.5","0.4","1.6","0.0","1.0","25.8","18592406","14564458","25353874","19246","2630968","3403","8952.65","147.0",30,"1025","462772","351.52","352","47128","35.8","1","","","411","81111","61.61","119","311028","236.26","17","4926","3.74","125","18579","14.11","","","","","","","","","","","","","","","","","","","","","","1","174","0.13","88","14396","10.94","","","","","","","","5","","","","","","","","","","1","","","","","","","","39","4740","3.6","","","","","","","","7","701","0.53","","","","","","","","","","","","","","","","","","9","229","0.17","","","","3","88","0.07","","","","4","","118","311028","236.26","","","","6","642","0.49","2","","","","10","3096","2.35","","","","2","108","0.08","","","15","1","0","","7","388","0.29","","","","","","","","","","","","1","23","0.02","","","21","8231","6.25","","","","","","","","","12","1444","1.1","","","","13","1075","0.82","","","","","1","","","","3","170","0.13","","","","","","","27","12","1095","0.83","3","1706","1.3","","","","","","","","","","","1","90","0.07","1","610","0.46","","","","","","","","47","14563","11.06","","","","","","","","","","6","1191","0.9","7","1393","1.06","","","","14","3765","2.86","0.92","0.01","0.03","0.03","N/A","0.01",38,0,3,36,6,3,41,2,15,16,4,1,6,100406,3.54796930018262,36,477653,21,94,1.5,0.3,2.5,0,1.6,3.3
"27","34000","New Jersey","8938175","8791936","1.7","8791894","6.0","22.5","14.7","51.2","73.0","14.8","0.6","9.4","0.1","2.1","19.3","56.8","90.1","21.2","30.0","88.1","35.8","437652","30.4","3591588","65.6","36.0","327100","3186418","2.71","36027","71629","10.4","230281","3492216","1.5","629395","781622","7.7","0.4","8.7","0.1","8.7","27.3","116608094","233413004","124813580","14453","19993613","28155","7354.22","1195.5",1791,"6114","4809520","547.04","2010","380347","43.26","422","129935","14.78","1917","502797","57.19","740","3235290","367.99","130","72431","8.24","895","488720","55.59","","117","33050","3.76","46","7630","0.87","","","","","","","1","","","","","","","","2","55","0.01","282","86120","9.8","7","974","0.11","1","","","","9","3","2150","0.24","","","","1","43","0","","1","3000","0.34","5","2490","0.28","","307","60430","6.87","","1","63","0.01","","1","1","12","1698","0.19","","","","","","","9","734","0.08","","","","","2","","","","49","20957","2.38","3","855","0.1","9","1248","0.14","","","","24","","729","3235290","367.99","","","","85","22879","2.6","16","23","2633","0.3","12","1289","0.15","3","941","0.11","24","4566","0.52","","","21","14","643","0.07","80","8223","0.94","2","1","","","","46","7895","0.9","","","","24","1869","0.21","","","59","31673","3.6","25","1","150","0.02","5","1437","0.16","","45","6732","0.77","1","15","0","39","4389","0.5","","1","0","","","3","483","0.05","","","","","","","","","","50","","","","65","56868","6.47","","","","","","","","","","","2","180","0.02","16","14025","1.6","","1","40","0","","6","","262","75390","8.57","","","","2","","","1","180","0.02","6","770","0.09","28","5023","0.57","","","","189","62644","7.13","0.58","0.13","0.19","0.09","N/A","0.01",18,20,26,5,10,3,25,4,26,12,4,12,26,356697,16.727,37.2,3325001,11,73,14.8,0.6,9.4,0.1,2.1,19.3
"28","35000","New Mexico","2085572","2059192","1.3","2059179","6.6","24.1","15.3","50.5","82.8","2.5","10.4","1.7","0.2","2.5","47.7","38.9","85.3","9.8","36.1","83.6","25.8","172717","21.6","912890","68.7","14.8","160000","761938","2.66","23763","44927","20.4","43737","606002","0.5","119195","157231","1.2","5.3","2.1","0.1","23.6","31.7","17122725","10589286","24469997","12429","3734300","4799","121298.15","17.0",22,"2447","1031198","500.78","1330","277326","134.68","40","4321","2.1","291","71118","34.54","443","584941","284.07","9","1995","0.97","334","91497","44.43","","4","724","0.35","","","","","","","2","7","0","","","","","","","","2","9","808","0.39","4","754","0.37","","","","","","","","15","1","112","0.05","","","","","","","","","","","","","","","149","30432","14.78","","","","","","","","18","2884","1.4","","","","","","","1","32","0.02","","","","","3","","","","24","3880","1.88","3","3029","1.47","18","1271","0.62","","","","23","","443","584941","284.07","","","","2","599","0.29","2","16","3129","1.52","33","4696","2.28","6","756","0.37","16","2237","1.09","","","9","4","790","0.38","56","3523","1.71","3","","","","","11","1262","0.61","3","104","0.05","12","463","0.22","1","","135","67637","32.85","","2","124","0.06","","","","1","45","8245","4","","","","148","15928","7.74","","2","0","","1","8","555","0.27","","","","","","","1","21","0.01","4","","","","1","675","0.33","","2","102","0.05","","","","","","","","","","1","24","0.01","","2","2573","1.25","","","","47","10646","5.17","","","","","","","","","","","","","4","980","0.48","","","","22","5991","2.91","0.40","0.02","0.43","N/A","0.12","0.01",13,4,0,3,8,8,16,1,10,0,10,0,2,73530,23.317,39.4,821715,9,82.8,2.5,10.4,1.7,0.2,2.5,47.7
"29","36000","New York","19746227","19378112","1.9","19378102","6.0","21.4","14.7","51.5","70.4","17.6","1.0","8.5","0.1","2.4","18.6","56.5","88.8","22.1","29.9","85.2","33.2","912499","31.6","8191040","54.2","50.6","288200","7234743","2.61","32382","58003","15.3","532669","7688492","1.7","1626367","1956733","10.4","0.7","10.1","0.1","9.9","30.4","162720173","313461904","230718065","11879","39813499","36286","47126.4","411.2",14792,"14110","9923512","512.1","4903","871326","44.96","644","202217","10.44","4276","1027403","53.02","1647","6287618","324.47","259","140297","7.24","2381","1394651","71.97","","87","49598","2.56","89","23650","1.22","","","","2","68","0","4","","","","","","","1","3","203","0.01","536","173405","8.95","8","1524","0.08","","86","10787","0.56","19","13","3721","0.19","1","120","0.01","6","259","0.01","","5","5450","0.28","10","2875","0.15","","522","92987","4.8","","16","1631","0.08","","","3","30","5118","0.26","3","244","0.01","","","","4","197","0.01","2","","","","1","9","1340","0.07","142","53368","2.75","13","8020","0.41","64","6877","0.35","2","170","0.01","28","","1630","6286916","324.43","","","","171","25786","1.33","10","77","6213","0.32","63","6767","0.35","13","4809","0.25","14","1904","0.1","","1","53","33","2379","0.12","216","30989","1.6","6","9","","","","128","22406","1.16","2","54","0","51","5635","0.29","","","151","78031","4.03","50","3","292","0.02","6","1394","0.07","","142","18302","0.94","3","109","0.01","107","10697","0.55","10","2","131","0.01","2","5","793","0.04","4","683","0.04","","","","","","","111","26","2402","0.12","126","82809","4.27","","6","1005","0.05","","","","","","","23","4590","0.24","14","11397","0.59","","2","167","0.01","","52","","653","163730","8.45","4","455","0.02","3","","","","","","19","2663","0.14","34","3710","0.19","3","192","0.01","386","134407","6.94","0.57","0.13","0.18","0.10","N/A","0.02",19,0,0,0,8,6,10,0,2,1,3,1,1,524932,35.103,36.1,7128388,7,70.4,17.6,1,8.5,0.1,2.4,18.6
"30","37000","North Carolina","9943964","9535691","4.3","9535483","6.1","23.0","14.7","51.3","71.5","22.1","1.6","2.7","0.1","2.1","9.0","64.1","84.7","7.6","10.9","84.9","27.3","724295","23.6","4452334","66.4","17.2","153600","3715565","2.53","25284","46334","17.5","218285","3421195","2.1","679725","798791","10.5","1.0","2.5","0.1","2.7","28.2","205867299","88795885","114578173","12641","16126939","49911","48617.91","196.1",1682,"15737","4530365","475.11","9763","2585530","271.15","1358","248257","26.04","3790","1130241","118.53","189","428860","44.98","43","15489","1.62","594","157936","16.56","","189","36281","3.8","613","109087","11.44","","","","","","","21","","","","","","","2","1","71","0.01","44","48513","5.09","3","124","0.01","","1","127","0.01","45","2","524","0.05","","","","1","43","0","1","","","","1","300","0.03","","277","56086","5.88","1","79","8460","0.89","","1","","25","5843","0.61","1","45","0","","","","","","","2","","","","2","","","","29","9883","1.04","7","2442","0.26","11","1111","0.12","","","","20","","189","392912","41.21","","","","52","9337","0.98","10","305","26932","2.82","155","31344","3.29","33","8324","0.87","1","145","0.02","","","21","49","3285","0.34","517","89359","9.37","4","","2","110","0.01","75","22849","2.4","2","183","0.02","146","8701","0.91","","1","153","76782","8.05","37","19","2154","0.23","","","","","69","8816","0.92","","","","197","24248","2.54","4","","","","2","7","845","0.09","2","669","0.07","18","688","0.07","","","","","3","833","0.09","6","5317","0.56","","","","","8","505","0.05","238","35921","3.77","5","2760","0.29","2","775","0.08","","","","","","1","","257","83234","8.73","2","200","0.02","3","11","","","","","6","1682","0.18","7","3360","0.35","9","396","0.04","215","69163","7.25","0.62","0.21","0.10","0.03","N/A","0.02",11,0,0,0,1,4,9,0,0,1,0,0,1,458151,44.667,37.7,3748874,12,71.5,22.1,1.6,2.7,0.1,2.1,9
"31","39000","Ohio","11594163","11536725","0.5","11536504","6.0","22.8","15.5","51.1","83.0","12.6","0.3","2.0","0.1","2.1","3.5","80.1","85.5","4.0","6.6","88.5","25.2","864923","23.0","5146933","67.5","22.9","130800","4557655","2.47","26046","48308","15.8","250117","4587136","0.9","745540","897939","5.8","0.3","2.0","0.0","1.1","27.7","295890890","135575279","138816008","12049","17779905","19872","40860.69","282.3",10136,"13606","5071684","439.62","6996","1491845","129.32","601","170388","14.77","4203","1154461","100.07","885","1992567","172.72","125","52216","4.53","796","210207","18.22","","113","25097","2.18","23","4478","0.39","","","","18","866","0.08","4","","","","","","","3","10","1119","0.1","286","98102","8.5","6","602","0.05","","432","59103","5.12","25","10","3661","0.32","9","3028","0.26","","","","","1","100","0.01","2","140","0.01","","285","62230","5.39","1","","","","4","","2","18","2159","0.19","22","2731","0.24","2","160","0.01","","","","1","24","2807","0.24","13","","","","25","9329","0.81","8","1831","0.16","9","509","0.04","2","205","0.02","12","","881","1992567","172.72","1","0","","120","41258","3.58","3","182","51486","4.46","466","141311","12.25","25","7388","0.64","6","848","0.07","57","3","42","223","28224","2.45","224","53489","4.64","2","","8","467","0.04","117","20900","1.81","4","504","0.04","42","2234","0.19","","26","129","58605","5.08","17","99","15723","1.36","1","602","0.05","","366","85226","7.39","44","3256","0.28","402","44859","3.89","139","32","4510","0.39","","34","4452","0.39","","","","","","","","","","7","23","4088","0.35","14","16767","1.45","","24","4116","0.36","8","540","0.05","","","","24","12660","1.1","4","2715","0.24","","","","","2","1","24","171","45904","3.98","3","820","0.07","1","8","3","5","546","0.05","16","2431","0.21","24","6687","0.58","49","7188","0.62","566","223253","19.35","0.80","0.12","0.03","0.02","N/A","0.03",27,25,1,18,2,15,33,0,0,24,8,0,2,727585,34.26,38.3,4440564,16,83,12.6,0.3,2,0.1,2.1,3.5
"32","40000","Oklahoma","3878051","3751616","3.4","3751351","6.8","24.6","14.5","50.5","75.1","7.7","9.0","2.1","0.2","5.9","9.8","67.0","82.5","5.5","9.4","86.4","23.5","312492","21.0","1699438","67.1","15.2","112800","1444081","2.55","24208","45339","16.9","91717","1325927","1.6","266444","333797","3.1","6.3","2.0","0.0","2.3","25.3","60681358","48074682","43095353","11931","5106585","14179","68594.92","54.7",10089,"7057","2226379","593.49","5289","1531381","408.22","200","51621","13.76","1054","383786","102.31","190","178430","47.56","18","2699","0.72","306","78462","20.92","","42","8633","2.3","5","748","0.2","","","","","","","","","","","","","","","84","11345","3.02","15","5640","1.5","","","","","6","523","0.14","6","5","1364","0.36","","","","","","","","","","","2","160","0.04","","497","85926","22.91","","","","","2","","1","9","1840","0.49","1","58","0.02","","","","","","","","","","","2","","","","16","7490","2","6","2083","0.56","2","46","0.01","","","","5","","190","178430","47.56","","","","9","1133","0.3","2","175","43928","11.71","197","35809","9.55","29","4445","1.18","","","","8","","12","32","7079","1.89","76","7309","1.95","9","","","","","40","6106","1.63","6","643","0.17","29","1891","0.5","10","","83","43033","11.47","","4","427","0.11","","","","","187","37278","9.94","","","","583","77495","20.66","","9","783","0.21","","24","3660","0.98","","","","","","","1","21","0.01","","","","","2","1757","0.47","","2","201","0.05","","","","","","","","","","2","115","0.03","","16","856","0.23","1","","","69","15955","4.25","","","","1","1","","","","","6","43907","11.7","9","502","0.13","11","620","0.17","34","6426","1.71","0.68","0.07","0.11","0.02","0.08","0.04",17,6,1,19,7,1,50,35,53,11,9,50,63,130141,24.225,39.1,1516318,9,75.1,7.7,9,2.1,0.2,5.9,9.8
"33","41000","Oregon","3970239","3831073","3.6","3831074","5.8","21.6","16.0","50.5","87.9","2.0","1.8","4.3","0.4","3.6","12.5","77.0","82.0","9.8","14.8","89.4","29.7","323205","22.5","1700549","62.0","23.2","238000","1516456","2.49","26809","50229","16.2","108527","1396563","2.4","260438","348154","1.2","1.2","3.6","0.2","3.3","29.8","66880653","51910777","50370919","13494","7555764","16645","95988.01","39.9",526,"4026","1194793","311.87","2428","447009","116.68","28","4471","1.17","639","140248","36.61","209","399440","104.26","25","7316","1.91","697","196309","51.24","","2","478","0.12","2","308","0.08","","","","","","","","","","","","","","","20","1899","0.5","42","11329","2.96","","","","","","","","4","1","500","0.13","2","441","0.12","5","1141","0.3","3","","","","1","800","0.21","","223","45492","11.87","","","","","3","","2","45","5281","1.38","","","","","","","","","","1","","","","2","","","","41","11992","3.13","4","1255","0.33","26","1538","0.4","","","","57","","208","398738","104.08","","","","23","12254","3.2","","38","10866","2.84","151","35623","9.3","3","417","0.11","8","1016","0.27","","","31","46","4517","1.18","37","4195","1.09","5","","","","","12","2247","0.59","2","174","0.05","21","731","0.19","1","","304","147965","38.62","","4","261","0.07","3","303","0.08","","99","21444","5.6","1","39","0.01","116","10955","2.86","","","","","3","13","2132","0.56","","","","1","44","0.01","","","","166","","","","1","2619","0.68","","1","241","0.06","","","","","","","16","1440","0.38","1","100","0.03","","","","","","","","96","20348","5.31","2","205","0.05","1","","41","","","","19","4313","1.13","14","1898","0.5","37","4547","1.19","117","35764","9.34","0.76","0.02","0.12","0.06","N/A","0.03",34,32,2,16,11,7,52,8,33,14,14,14,30,240804,25,37.6,1492810,16,87.9,2,1.8,4.3,0.4,3.6,12.5
"34","42000","Pennsylvania","12787209","12702884","0.7","12702379","5.6","21.1","16.7","51.1","82.9","11.6","0.3","3.3","0.1","1.8","6.6","77.9","88.0","6.0","10.3","88.7","27.5","943417","25.9","5590373","69.8","20.5","164700","4958427","2.48","28502","52548","13.3","297692","5180805","0.2","778528","981501","4.6","0.3","3.2","0.0","2.3","27.0","234840418","142859202","166842778","13323","19625449","25059","44742.7","283.9",32854,"15359","6838440","538.36","6197","1078477","84.9","498","114337","9","6146","1773491","139.62","1396","3503028","275.78","258","61042","4.81","864","308065","24.25","","150","31195","2.46","51","6846","0.54","","","","49","2126","0.17","1","","","","","","","2","5","362","0.03","416","138255","10.88","34","4513","0.36","1","397","58009","4.57","72","20","6688","0.53","1","76","0.01","1","42","0","","1","3000","0.24","3","1050","0.08","","381","106689","8.4","1","4","223","0.02","10","1","6","12","1884","0.15","14","2523","0.2","","","","44","11892","0.94","1","17","1605","0.13","112","2","434","0.03","41","14285","1.12","7","3547","0.28","15","1530","0.12","1","80","0.01","22","1","1365","3503028","275.78","","","","245","50899","4.01","19","63","12968","1.02","121","22658","1.78","13","2603","0.2","11","490","0.04","","","31","89","12392","0.98","120","18752","1.48","2","3","","","","86","18607","1.46","5","615","0.05","30","1766","0.14","","","108","49794","3.92","14","241","45418","3.58","3","965","0.08","","159","25986","2.05","31","4821","0.38","138","10595","0.83","5","158","21059","1.66","1","14","2227","0.18","4","374","0.03","2","84","0.01","","","","54","21","3063","0.24","41","35412","2.79","","12","1922","0.15","1","12","0","","","","18","3750","0.3","8","1540","0.12","","1","96","0.01","","16","","331","84482","6.65","1","260","0.02","1","22","9","114","19146","1.51","18","1834","0.14","63","19091","1.5","3","290","0.02","1242","501974","39.52","0.77","0.10","0.07","0.03","N/A","0.02",37,0,5,10,9,10,38,0,7,15,6,1,2,892702,40.657,37.8,4833565,18,82.9,11.6,0.3,3.3,0.1,1.8,6.6
"35","44000","Rhode Island","1055173","1052931","0.2","1052567","5.2","20.2","15.7","51.5","85.1","7.7","0.9","3.5","0.2","2.6","14.0","74.5","86.5","13.1","21.1","85.2","31.3","70621","23.6","462625","61.2","40.3","247400","410058","2.46","30469","56361","13.6","28026","408489","1.4","73758","96822","3.3","0.4","2.1","0.0","6.0","27.3","12061517","9182788","12286485","11646","2148674","952","1033.81","1018.1",36,"677","576919","548.11","206","26242","24.93","10","829","0.79","211","57103","54.25","161","466598","443.3","11","7625","7.24","78","18522","17.6","","3","507","0.48","2","300","0.29","","","","","","","1","","","","","","","","","","","75","15220","14.46","","","","","","","","","1","450","0.43","","","","","","","","1","2500","2.38","1","500","0.48","","31","4666","4.43","","","","","","","","2","273","0.26","","","","","","","","","","","","","","","","","","9","713","0.68","4","1487","1.41","3","116","0.11","","","","1","","159","466598","443.3","","","","3","551","0.52","","","","","3","0","","","","","1","0","","","","4","2","165","0.16","25","1858","1.77","","","","","","1","22","0.02","","","","4","145","0.14","","","7","3833","3.64","1","","","","1","82","0.08","","7","693","0.66","","","","7","644","0.61","","","","","","2","204","0.19","2","1013","0.96","","","","","","","8","2","556","0.53","4","3434","3.26","","","","","","","","","","","1","90","0.09","1","450","0.43","","","","","","","","54","19377","18.41","","","","","","","","","","4","1108","1.05","1","20","0.02","2","170","0.16","13","5261","5","0.77","0.06","0.12","0.04","N/A","0.01",5,0,0,0,2,2,3,0,0,1,0,0,0,39059,25.913,35.9,378807,10,85.1,7.7,0.9,3.5,0.2,2.6,14
"36","45000","South Carolina","4832482","4625401","4.5","4625364","6.0","22.4","15.8","51.4","68.3","27.8","0.5","1.5","0.1","1.7","5.4","63.9","84.7","4.8","6.8","84.5","25.1","391660","23.5","2188129","69.1","17.9","137400","1780251","2.55","23943","44779","18.1","101545","1583213","2.2","308746","360397","12.1","0.5","1.8","0.1","1.7","27.6","93977455","40498047","54298410","12273","8383463","27537","30060.7","153.9",816,"8051","2413443","521.78","4844","1410988","305.05","1098","256178","55.39","1692","482103","104.23","119","181743","39.29","22","5557","1.2","276","76874","16.62","","564","120854","26.13","138","21956","4.75","","","","","","","4","","","","","","","","6","584","0.13","2","934","0.2","","","","","","","","54","4","220","0.05","","","","4","171","0.04","2","","","","","","","","118","21606","4.67","","65","10567","2.28","","","1","22","17559","3.8","3","363","0.08","","","","","","","1","","","","","","","","5","2148","0.46","2","695","0.15","4","521","0.11","","","","14","","119","181743","39.29","","","","13","2615","0.57","2","43","6591","1.42","35","4919","1.06","42","7937","1.72","1","30","0.01","","","11","39","2415","0.52","293","62068","13.42","","10","4","399","0.09","36","6722","1.45","","","","117","5790","1.25","","","64","37391","8.08","38","1","74","0.02","","","","1","66","11886","2.57","","","","127","13816","2.99","","2","0","","2","4","472","0.1","","","","18","1539","0.33","","","","1","","","","4","2100","0.45","","1","23","0","2","0","","2","292","0.06","","","","2","330","0.07","","","","","","1","","130","54615","11.81","","","","","","","","","","1","56","0.01","3","290","0.06","","","","163","53916","11.66","0.64","0.27","0.06","0.01","N/A","0.01",26,0,0,19,9,3,17,10,26,3,9,12,24,239851,16.638,38.2,1846008,13,68.3,27.8,0.5,1.5,0.1,1.7,5.4
"37","46000","South Dakota","853175","814191","4.8","814180","7.1","24.7","15.3","49.7","85.7","1.9","8.9","1.3","0.1","2.2","3.6","83.0","83.6","2.8","6.8","90.4","26.2","67886","16.9","376319","68.0","18.8","132400","323136","2.45","25740","49495","14.1","26021","340485","1.2","62414","76997","0.3","2.2","0.6","0.0","0.8","22.2","13051128","11400476","12266218","15390","1622751","4722","75811.0","10.7",92,"1819","476832","585.66","824","118142","145.11","2","435","0.53","673","196001","240.73","243","148883","182.86","3","320","0.39","74","13051","16.03","","","","","","","","","","","","","","","","","","","","","2","1","106","0.13","34","6338","7.78","","","","","1","31","0.04","","1","60","0.07","","","","","","","3","","","","","","","","45","7541","9.26","","","","","25","","","3","1017","1.25","","","","","","","","","","","","","","","","","","2","205","0.25","1","14","0.02","","","","","","","3","","243","148883","182.86","","","","15","1396","1.71","1","3","431","0.53","12","1666","2.05","","","","14","4588","5.64","","","2","6","608","0.75","12","498","0.61","3","","","","","2","435","0.53","2","263","0.32","2","66","0.08","","","33","9812","12.05","","","","","3","162","0.2","11","17","1386","1.7","1","12","0.01","23","1143","1.4","","","","","","1","189","0.23","1","41","0.05","","","","","","","","2","454","0.56","1","24","0.03","","","","","1","0","","","","","16","2700","3.32","","","","","","","","","","","74","9359","11.5","","","","","1","","","","","8","841","1.03","18","3121","3.83","","","","223","112649","138.36","0.85","0.02","0.02","N/A","0.08","0.02",8,42,0,3,12,3,13,2,9,29,4,11,16,44866,45.307,40,341270,13,85.7,1.9,8.9,1.3,0.1,2.2,3.6
"38","47000","Tennessee","6549352","6346275","3.2","6346105","6.1","22.8","15.1","51.3","78.9","17.1","0.4","1.7","0.1","1.7","5.0","74.6","84.6","4.6","6.6","84.4","23.8","484901","24.3","2869323","67.8","18.3","139200","2475195","2.52","24409","44298","17.6","130819","2394068","2.1","470330","545348","8.4","0.5","2.0","0.1","1.6","25.9","140447760","80116528","77547291","12563","10626759","27632","41234.9","153.9",2023,"11542","3522345","555.04","8047","2384381","375.72","843","273889","43.16","2077","533145","84.01","152","223045","35.15","28","10422","1.64","395","97463","15.36","4","129","22016","3.47","64","9606","1.51","","","","2","38","0.01","3","","","","","","","","9","727","0.11","10","4158","0.66","","","","","15","1948","0.31","20","4","909","0.14","1","24","0","","","","","","","","2","225","0.04","","225","49330","7.77","1","11","1068","0.17","1","","2","15","2050","0.32","3","285","0.04","","","","","","","1","","","","4","","","","12","1594","0.25","7","1796","0.28","3","130","0.02","","","","22","","151","222343","35.04","","","","8","1028","0.16","2","61","40314","6.35","173","35847","5.65","133","23068","3.63","1","158","0.02","","4","10","71","4742","0.75","379","78597","12.39","4","2","1","6","0","141","55739","8.78","2","230","0.04","124","8448","1.33","","14","99","45675","7.2","5","16","1245","0.2","","","","","172","27874","4.39","","","","1432","214118","33.74","2","","","","2","11","1716","0.27","","","","3","142","0.02","9","389","0.06","","","","","4","2694","0.42","","","","","","","","","","","","","","7","6195","0.98","","268","29453","4.64","25","","","126","40053","6.31","","","","1","","","","","","2","93","0.01","10","5400","0.85","","","","47","11840","1.87","0.74","0.17","0.06","0.01","N/A","N/A",42,3,0,34,10,4,48,19,50,0,27,9,21,332702,43.687,37.9,2482204,13,78.9,17.1,0.4,1.7,0.1,1.7,5
"39","48000","Texas","26956958","25146104","7.2","25145561","7.3","26.4","11.5","50.4","80.0","12.5","1.0","4.5","0.1","1.8","38.6","43.5","82.8","16.3","34.7","81.2","26.7","1583272","25.0","10426080","63.3","24.2","128900","8886471","2.82","26019","51900","17.6","547190","9663567","3.3","2039732","2164852","7.1","0.9","5.3","0.1","20.7","28.2","593541502","424238194","311334781","13061","42054592","166982","261231.71","96.3",23171,"27848","13994564","556.54","19490","6456168","256.75","1352","345998","13.76","3722","1553959","61.8","1351","4673500","185.86","113","32453","1.29","1820","932486","37.08","","247","43839","1.74","11","1327","0.05","","","","","","","9","","","","","","","","264","39354","1.57","15","7172","0.29","","","","","1","52","0","111","21","5348","0.21","2","46","0","3","135","0.01","","","","","5","515","0.02","","1322","275565","10.96","3","5","223","0.01","8","1","3","68","13235","0.53","2","265","0.01","","","","","","","","","","","1","","","","95","49874","1.98","30","13461","0.54","23","2781","0.11","","","","57","","1348","4673500","185.86","","","","48","5465","0.22","4","383","74817","2.98","136","40078","1.59","157","37986","1.51","13","1416","0.06","","4","64","86","3990","0.16","269","47709","1.9","70","","1","65","0","393","77545","3.08","11","1068","0.04","87","3610","0.14","18","","577","296141","11.78","22","1","118","0","1","72","0","4","301","44836","1.78","","","","2042","351129","13.96","2","","","","5","42","4450","0.18","","","","28","1280","0.05","41","2396","0.1","1","1","29","0","13","17889","0.71","","3","106","0","","","","","","","6","1320","0.05","12","3866","0.15","","41","6355","0.25","19","","","377","148439","5.9","2","1000","0.04","4","5","","","","","13","1393","0.06","64","13486","0.54","11","1845","0.07","362","111647","4.44","0.44","0.12","0.38","0.04","0.00","0.01",82,67,79,18,38,16,75,94,71,42,47,37,91,757618,74.077,37.9,10216687,7,80,12.5,1,4.5,0.1,1.8,38.6
"40","49000","Utah","2942902","2763885","6.5","2763885","8.6","30.7","10.0","49.7","91.4","1.3","1.5","2.4","1.0","2.4","13.5","79.3","82.8","8.2","14.3","90.9","30.3","143771","21.4","1022537","70.1","21.4","212800","886770","3.12","23873","58821","12.7","71887","1101557","2.9","201838","246393","0.5","0.6","1.9","0.3","3.7","24.9","42431657","25417368","36574240","13730","3980570","17510","82169.62","33.6",7,"5557","2186403","791.06","422","63040","22.81","14","3258","1.18","106","23546","8.52","68","160125","57.93","9","5982","2.16","4938","1930452","698.46","","2","392","0.14","","","","","","","","","","","","","","","","","","2","228","0.08","8","2082","0.75","","","","","","","","1","1","255","0.09","","","","","","","","","","","","","","1","42","11944","4.32","","","","","","","","14","1129","0.41","","","","","","","","","","","","","","","","","","13","6496","2.35","3","2061","0.75","1","45","0.02","","","","7","","68","160125","57.93","","","","9","701","0.25","","3","652","0.24","5","1005","0.36","","","","4","279","0.1","","","5","","","","14","1714","0.62","1","","","","","9","1849","0.67","","","","9","384","0.14","","","4835","1910504","691.24","","","","","","","","","5","412","0.15","","","","19","1135","0.41","","","","","","4","543","0.2","","","","","","","","","","11","","","","0","317","0.11","","","","","","","","","","","2","180","0.07","1","12","0","","","","","","","","27","5407","1.96","","","","","","","","","","","","","12","2460","0.89","","","","12","3186","1.15","0.81","0.01","0.12","0.04","N/A","0.01",10,1,6,2,9,13,6,0,4,0,11,1,1,24864,5.938,40.7,1197761,2,91.4,1.3,1.5,2.4,1,2.4,13.5
"41","50000","Vermont","626562","625745","0.1","625741","4.9","19.4","16.9","50.7","95.0","1.2","0.4","1.6","0.0","1.8","1.8","93.5","86.6","4.1","5.2","91.4","34.8","48456","22.2","325789","71.0","23.0","216800","257004","2.34","29167","54267","11.8","21119","262474","-1.1","59446","78729","0.0","0.5","0.8","0.0","0.6","26.0","10751461","5121694","9310119","15005","1367630","1546","9216.66","67.9",317,"854","210391","336.23","223","22630","36.17","1","36","0.06","398","48029","76.76","129","128293","205.03","4","290","0.46","99","11113","17.76","","","","","","","","","","","","","","","","","","","","","","1","99","0.16","57","7178","11.47","","","","","","","","3","","","","1","30","0.05","","","","","","","","","","","","23","2330","3.72","","","","","","","","2","345","0.55","","","","","","","","","","","","","","","","","","11","213","0.34","","","","13","713","1.14","","","","2","","129","128293","205.03","","","","10","4704","7.52","","","","","3","129","0.21","","","","1","168","0.27","","","10","","","","2","77","0.12","","","","","","1","36","0.06","","","","2","57","0.09","","","12","4384","7.01","","","","","","","","","10","1033","1.65","","","","10","651","1.04","","","","","","","","","9","347","0.55","","","","","","","4","8","699","1.12","2","1007","1.61","","","","","","","","","","","2","570","0.91","","","","","","","","","","","47","6999","11.19","","","","","","","","","","1","99","0.16","7","608","0.97","","","","7","971","1.55","0.94","0.01","0.01","0.02","N/A","0.02",3,0,0,0,2,9,4,0,0,0,0,0,0,19968,86.159,36.3,227442,9,95,1.2,0.4,1.6,0,1.8,1.8
"42","51000","Virginia","8326289","8001023","4.1","8001024","6.2","22.4","13.8","50.8","70.5","19.7","0.5","6.3","0.1","2.8","8.9","63.1","84.7","11.3","14.9","87.5","35.2","726470","27.7","3446471","67.3","21.7","244600","3022739","2.6","33493","63907","11.3","193907","3131723","1.4","536067","638643","9.9","0.5","7.0","0.1","4.5","30.1","92417797","60513396","105663299","13687","15340483","28682","39490.09","202.6",2426,"10088","3586592","448.27","5660","1531731","191.44","446","111028","13.88","3028","870842","108.84","231","674555","84.31","51","18253","2.28","672","380183","47.52","2","78","15583","1.95","66","10148","1.27","","","","4","69","0.01","17","","","","","","","1","4","390","0.05","107","65881","8.23","2","185","0.02","","4","547","0.07","54","4","380","0.05","","","","1","41","0.01","","","","","2","210","0.03","","224","56241","7.03","1","12","1085","0.14","","1","3","37","4728","0.59","9","1017","0.13","1","17","0","","","","2","9","1766","0.22","6","","","","39","17210","2.15","8","3796","0.47","15","1989","0.25","2","33","0","28","","230","673853","84.22","","","","29","2923","0.37","2","179","28209","3.53","218","47041","5.88","13","2842","0.36","2","250","0.03","","8","24","55","4634","0.58","200","42530","5.32","4","1","4","149","0.02","71","15453","1.93","1","26","0","102","5911","0.74","","3","196","89800","11.22","45","185","29841","3.73","","","","1","93","30852","3.86","6","501","0.06","165","16591","2.07","1","1","72","0.01","4","4","548","0.07","3","225","0.03","14","422","0.05","","","","1","5","1082","0.14","13","10190","1.27","","3","154","0.02","2","218","0.03","","","","5","450","0.06","6","4150","0.52","","","","","","3","","349","120579","15.07","","","","1","3","","","","","2","93","0.01","10","2395","0.3","16","841","0.11","191","56754","7.09","0.63","0.19","0.08","0.07","N/A","0.02",81,3,4,15,33,17,70,19,32,5,24,2,15,355960,54.414,36.2,3014117,12,70.5,19.7,0.5,6.3,0.1,2.8,8.9
"43","53000","Washington","7061530","6724543","5.0","6724540","6.3","22.7","14.1","50.0","80.7","4.1","1.9","8.2","0.7","4.5","12.2","70.4","82.7","13.2","18.5","90.0","31.9","582265","25.7","2963141","63.2","25.6","262100","2629126","2.54","30742","59478","13.4","176815","2444098","3.5","413446","551340","0.0","1.2","6.8","0.2","3.2","28.7","112053283","76790966","92968519","14380","12389422","33898","66455.52","101.2",618,"6114","2328005","346.2","3401","820643","122.04","59","14289","2.12","1152","308292","45.85","313","784332","116.64","45","16987","2.53","1144","383462","57.02","","9","2969","0.44","4","501","0.07","","","","","","","","","","","","","","2","13","1317","0.2","119","26638","3.96","","","","","","","","24","8","1232","0.18","","","","6","254","0.04","7","","","","1","2500","0.37","","342","125005","18.59","","","","","7","","2","82","7087","1.05","","","","","","","","","","3","","","","","","","","70","31254","4.65","18","14711","2.19","30","3100","0.46","","","","57","1","312","784332","116.64","","","","85","18843","2.8","3","53","7697","1.14","62","21011","3.12","6","944","0.14","52","9497","1.41","","","44","47","7228","1.07","38","4859","0.72","3","4","2","101","0.02","30","6838","1.02","2","236","0.04","21","1121","0.17","","","520","267267","39.75","","12","854","0.13","12","1858","0.28","5","154","36477","5.42","1","48","0.01","133","13233","1.97","","","","","6","26","4147","0.62","","","","","","","","","","64","4","151","0.02","5","3856","0.57","1","","","","","","","","","","62","14190","2.11","3","1735","0.26","","","","","","","","127","33410","4.97","3","1400","0.21","2","","14","","","","50","12023","1.79","41","5342","0.79","18","1348","0.2","259","96555","14.36","0.70","0.04","0.13","0.08","0.02","0.04",21,7,0,1,7,10,17,5,13,0,17,0,1,403003,30.429,36.8,2598643,16,80.7,4.1,1.9,8.2,0.7,4.5,12.2
"44","54000","West Virginia","1850326","1853033","-0.1","1852994","5.5","20.5","17.8","50.6","93.7","3.6","0.2","0.8","0.0","1.6","1.5","92.5","88.1","1.4","2.4","83.9","18.3","159448","25.5","884605","73.4","12.0","98500","741390","2.43","22966","41043","17.9","37573","575987","-0.6","88202","120381","0.0","0.0","1.3","0.0","0.7","28.1","25080573","11036467","20538829","11340","2553258","2677","24038.21","77.1",2014,"4413","658313","355.27","2089","249756","134.79","85","11505","6.21","1949","274766","148.28","139","95849","51.73","17","2776","1.5","134","23661","12.77","1","23","2748","1.48","1","95","0.05","","","","10","373","0.2","","","","","","","","","5","1160","0.63","381","88193","47.59","2","146","0.08","","3","217","0.12","2","3","1235","0.67","1","0","","","","","","","","","","","","","118","15473","8.35","2","3","78","0.04","","","","3","520","0.28","1","79","0.04","","","","","","","","4","380","0.21","1","1","17","0.01","1","11","0.01","1","300","0.16","","","","","","","3","","139","95849","51.73","","","","19","2212","1.19","","41","7955","4.29","88","10927","5.9","1","115","0.06","","","","","","6","79","4689","2.53","178","21740","11.73","2","","","","","6","892","0.48","","","","27","685","0.37","","1","38","16710","9.02","5","77","7727","4.17","","","","","125","18305","9.88","2","278","0.15","287","22167","11.96","","6","323","0.17","1","7","845","0.46","","","","","","","","","","1","","","","0","154","0.08","","","","","","","","","","","","","","","","","","","","","","","","67","8529","4.6","","","","","1","","","","","","","","1","35","0.02","","","","52","12809","6.91","0.92","0.03","0.01","N/A","N/A","0.02",21,1,21,8,13,7,14,9,36,20,5,8,21,156245,43.532,38.3,708675,22,93.7,3.6,0.2,0.8,0,1.6,1.5
"45","55000","Wisconsin","5757564","5687289","1.2","5686986","5.9","22.6","15.2","50.3","87.8","6.6","1.1","2.6","0.0","1.8","6.5","82.2","85.8","4.7","8.6","90.4","26.8","408870","21.7","2648317","68.1","25.4","167100","2288332","2.43","27523","52413","13.0","137983","2401032","0.5","335177","433797","2.6","0.6","1.6","0.0","1.3","25.9","163563195","59996244","72283321","12904","9247311","14622","54157.8","105.0",1061,"6078","3047442","535.86","2906","806028","141.73","124","44203","7.77","1832","684035","120.28","770","1425523","250.66","34","13223","2.33","412","74430","13.09","","13","3250","0.57","1","124","0.02","","","","","","","1","","","","","","","4","2","185","0.03","61","16820","2.96","","","","","115","14957","2.63","6","3","515","0.09","","","","2","85","0.01","","1","400","0.07","2","535","0.09","","182","45895","8.07","2","","","","15","","","18","2149","0.38","","","","","","","","","","","","","","2","","","","20","2378","0.42","6","1400","0.25","17","977","0.17","","","","13","","764","1425523","250.66","","","","55","21247","3.74","","2","196","0.03","34","6409","1.13","10","3063","0.54","23","6494","1.14","","","32","10","585","0.1","17","1519","0.27","","","1","21","0","35","13484","2.37","4","481","0.08","5","171","0.03","","","69","24496","4.31","1","1","26","0","5","1810","0.32","9","41","3054","0.54","","","","69","5941","1.04","","","","","","9","1242","0.22","","","","","","","","","","9","15","2038","0.36","6","2306","0.41","","","","","1","10","0","","","","93","16410","2.89","2","235","0.04","1","","","","","","","114","18314","3.22","","","","","","1","","","","28","3720","0.65","100","29881","5.25","","","","695","414326","72.86","0.82","0.06","0.08","0.02","N/A","0.02",26,3,0,29,6,23,19,0,2,0,1,0,1,386370,31.066,37.8,2176359,18,87.8,6.6,1.1,2.6,0,1.8,6.5
"46","56000","Wyoming","584153","563767","3.6","563626","6.5","23.7","14.0","49.0","92.7","1.6","2.7","1.0","0.1","2.0","9.8","84.1","81.8","3.3","6.8","92.4","24.7","50852","18.3","268222","70.1","16.0","185900","222846","2.5","28902","57406","11.5","20629","212635","-0.7","46297","61179","0.2","0.8","0.7","0.0","2.8","25.5","8834810","6352890","8957553","17114","1469008","1901","97093.14","5.8",212,"948","223074","395.78","494","59247","105.12","6","281","0.5","175","36539","64.83","70","61222","108.62","4","785","1.39","199","65000","115.32","","2","216","0.38","","","","","","","1","18","0.03","","","","","","","","1","3","394","0.7","16","2670","4.74","","","","","","","","5","1","40","0.07","","","","","","","","","","","","","","","43","4419","7.84","","","","","","","","3","290","0.51","","","","","","","","","","","1","99","0.18","","","","","2","22","0.04","","","","2","105","0.19","","","","6","","70","61222","108.62","","","","14","2464","4.37","","4","1738","3.08","17","1681","2.98","","","","","","","","","4","6","2030","3.6","2","50","0.09","","","","","","2","50","0.09","1","10","0.02","6","384","0.68","","","153","62804","111.43","","","","","","","","1","16","1327","2.35","","","","33","1957","3.47","","","","","","4","512","0.91","","","","2","88","0.16","","","","13","","","","","","","","","","","","","","","","","6","1410","2.5","","","","","","","","","","","46","7279","12.91","","","","","","3","","","","","","","10","1518","2.69","","","","22","7541","13.38","0.86","0.01","0.09","N/A","0.01","0.02",2,0,10,0,2,4,8,0,0,0,2,0,0,70,1.045,37.7,220226,0,92.7,1.6,2.7,1,0.1,2,9.8
